Segment,AOV,Frequency,Count,AvgReturnRate,RevenueShare
Big Spenders (Whales),5458.029285714286,19.0,4,0.0678617157490397,0.017373512880103487
Champions,944.942740854202,67.20689655172414,29,0.025579437400950873,0.18957413443522247
Hibernating,413.5246409543838,1.5162986330178758,951,0.022801550505434368,0.06330597219624255
Loyal Customers,410.0597874338676,4.49150521609538,3355,0.02101915333871757,0.7297463804884315
